"sample_id","lat","lon","genus"
"BAT0112","-4.613914376","39.35433553","Coleura"
"BAT0633","-3.351518","38.598908","Chaerephon"
"BAT0634","-3.351518","38.598908","Chaerephon"
"BAT0635","-3.351518","38.598908","Chaerephon"
"BAT0636","-3.351518","38.598908","Mops"
"BAT0637","-3.351518","38.598908","Mops"
"BAT0638","-3.351518","38.598908","Mops"
"BAT0639","-3.351518","38.598908","Mops"
"BAT0640","-3.351518","38.598908","Mops"
"BAT0641","-3.351518","38.598908","Mops"
"BAT0642","-3.351518","38.598908","Mops"
"BAT0643","-3.351518","38.598908","Mops"
"BAT0644","-3.351518","38.598908","Mops"
"BAT0645","-3.351518","38.598908","Mops"
"BAT0646","-3.351518","38.598908","Mops"
"BAT0647","-3.351518","38.598908","Mops"
"BAT0648","-3.351518","38.598908","Mops"
"BAT0649","-3.351518","38.598908","Mops"
"BAT0650","-3.351518","38.598908","Mops"
"BAT0651","-3.351518","38.598908","Mops"
"BAT0652","-3.351518","38.598908","Mops"
"BAT0734","0.482908","35.986629","Miniopterus"
"BAT0735","0.482908","35.986629","Miniopterus"
"BAT0736","0.482908","35.986629","Miniopterus"
"BAT0737","0.482908","35.986629","Miniopterus"
"BAT0738","0.482908","35.986629","Miniopterus"
"BAT0739","0.482908","35.986629","Miniopterus"
"BAT0740","0.482908","35.986629","Miniopterus"
"BAT0741","0.482908","35.986629","Miniopterus"
"BAT0742","0.482908","35.986629","Miniopterus"
"BAT0743","0.482908","35.986629","Miniopterus"
"BAT0794","-0.276536","35.272731","Otomops"
"BAT0795","-0.276536","35.272731","Otomops"
"BAT0796","-0.276536","35.272731","Otomops"
"BAT0797","-0.276536","35.272731","Otomops"
"BAT0798","-0.276536","35.272731","Otomops"
"BAT0800","-0.276536","35.272731","Otomops"
"BAT0802","-0.276536","35.272731","Otomops"
"BAT0803","-0.276536","35.272731","Otomops"
"BAT0804","-0.276536","35.272731","Otomops"
"BAT0805","-0.276536","35.272731","Otomops"
"BAT0806","-0.276536","35.272731","Otomops"
"BAT0807","-0.276536","35.272731","Otomops"
"BAT0808","-0.276536","35.272731","Otomops"
"BAT0809","-0.276536","35.272731","Otomops"
"BAT0810","-0.276536","35.272731","Otomops"
"BAT0811","-0.276536","35.272731","Otomops"
"BAT0812","-0.276536","35.272731","Otomops"
"BAT0813","-0.276536","35.272731","Otomops"
"BAT1","-4.613914376","39.35433553","Rousettus"
"BAT10","-4.613914376","39.35433553","Rousettus"
"BAT1045","-1.131317","36.404604","Eidolon"
"BAT1047","-1.131317","36.404604","Eidolon"
"BAT1048","-1.131317","36.404604","Eidolon"
"BAT1049","-1.131317","36.404604","Eidolon"
"BAT1050","-1.131317","36.404604","Eidolon"
"BAT1051","-1.131317","36.404604","Eidolon"
"BAT1052","-1.131317","36.404604","Eidolon"
"BAT1053","-1.131317","36.404604","Eidolon"
"BAT1054","-1.131317","36.404604","Eidolon"
"BAT1055","-1.131317","36.404604","Eidolon"
"BAT1056","-1.131317","36.404604","Eidolon"
"BAT1057","-1.131317","36.404604","Eidolon"
"BAT1058","-1.131317","36.404604","Eidolon"
"BAT1059","-1.131317","36.404604","Eidolon"
"BAT1060","-1.131317","36.404604","Eidolon"
"BAT1061","-1.131317","36.404604","Eidolon"
"BAT1062","-1.131317","36.404604","Eidolon"
"BAT1063","-1.131317","36.404604","Eidolon"
"BAT1064","-1.131317","36.404604","Eidolon"
"BAT11","-4.613914376","39.35433553","Rousettus"
"BAT1120","-0.676945","34.777971","Eidolon"
"BAT1121","-0.676945","34.777971","Eidolon"
"BAT1131","-0.676945","34.777971","Eidolon"
"BAT12","-4.613914376","39.35433553","Rousettus"
"BAT1210","-0.677913","34.776175","Mops"
"BAT1211","-0.677913","34.776175","Mops"
"BAT1212","-0.677913","34.776175","Mops"
"BAT1213","-0.677913","34.776175","Mops"
"BAT1214","-0.677913","34.776175","Mops"
"BAT1215","-0.677913","34.776175","Mops"
"BAT1216","-0.677913","34.776175","Mops"
"BAT1217","-0.677913","34.776175","Mops"
"BAT1218","-0.677913","34.776175","Mops"
"BAT1219","-0.677913","34.776175","Mops"
"BAT1220","-0.677913","34.776175","Mops"
"BAT1221","-0.677913","34.776175","Mops"
"BAT1222","-0.677913","34.776175","Mops"
"BAT1223","-0.677913","34.776175","Mops"
"BAT1224","-0.677913","34.776175","Mops"
"BAT1225","-0.677913","34.776175","Mops"
"BAT1226","-0.677913","34.776175","Mops"
"BAT1227","-0.677913","34.776175","Mops"
"BAT1228","-0.677913","34.776175","Mops"
"BAT1229","-0.677913","34.776175","Mops"
"BAT1271","-1.182163","34.626635","Chaerephon"
"BAT13","-4.613914376","39.35433553","Rousettus"
"BAT1310","-1.182163","34.626635","Chaerephon"
"BAT1311","-1.182163","34.626635","Chaerephon"
"BAT1312","-1.182163","34.626635","Chaerephon"
"BAT1313","-1.182163","34.626635","Chaerephon"
"BAT1314","-1.182163","34.626635","Chaerephon"
"BAT1315","-1.182163","34.626635","Chaerephon"
"BAT1316","-1.182163","34.626635","Chaerephon"
"BAT1317","-1.182163","34.626635","Chaerephon"
"BAT1318","-1.182163","34.626635","Chaerephon"
"BAT1319","-1.182163","34.626635","Chaerephon"
"BAT1320","-1.182163","34.626635","Chaerephon"
"BAT1321","-1.182163","34.626635","Chaerephon"
"BAT1322","-1.182163","34.626635","Chaerephon"
"BAT1323","-1.182163","34.626635","Chaerephon"
"BAT1324","-1.182163","34.626635","Chaerephon"
"BAT1325","-1.182163","34.626635","Chaerephon"
"BAT1326","-1.182163","34.626635","Chaerephon"
"BAT1327","-1.182163","34.626635","Chaerephon"
"BAT1328","-1.182163","34.626635","Chaerephon"
"BAT1329","-1.182163","34.626635","Chaerephon"
"BAT14","-4.613914376","39.35433553","Rousettus"
"BAT1462","-1.001701","34.085196","Chaerephon"
"BAT1463","-1.001701","34.085196","Chaerephon"
"BAT1464","-1.001701","34.085196","Chaerephon"
"BAT1465","-1.001701","34.085196","Chaerephon"
"BAT1466","-1.001701","34.085196","Chaerephon"
"BAT1467","-1.001701","34.085196","Chaerephon"
"BAT1468","-1.001701","34.085196","Chaerephon"
"BAT1469","-1.001701","34.085196","Mops"
"BAT1470","-1.001701","34.085196","Chaerephon"
"BAT1471","-1.001701","34.085196","Chaerephon"
"BAT15","-4.613914376","39.35433553","Rousettus"
"BAT1537","0.460621","34.102937","Mops"
"BAT1538","0.460621","34.102937","Mops"
"BAT1539","0.460621","34.102937","Mops"
"BAT1540","0.460621","34.102937","Mops"
"BAT1541","0.460621","34.102937","Mops"
"BAT1542","0.460621","34.102937","Mops"
"BAT1543","0.460621","34.102937","Mops"
"BAT1544","0.460621","34.102937","Mops"
"BAT1545","0.460621","34.102937","Mops"
"BAT1546","0.460621","34.102937","Chaerephon"
"BAT1547","0.460621","34.102937","Mops"
"BAT1548","0.460621","34.102937","Mops"
"BAT1549","0.460621","34.102937","Mops"
"BAT1550","0.460621","34.102937","Mops"
"BAT1551","0.460621","34.102937","Mops"
"BAT1552","0.460621","34.102937","Mops"
"BAT1553","0.460621","34.102937","Mops"
"BAT1554","0.460621","34.102937","Mops"
"BAT1555","0.460621","34.102937","Mops"
"BAT1556","0.460621","34.102937","Mops"
"BAT1557","0.460621","34.102937","Mops"
"BAT1587","0.667665","34.357915","Hipposideros"
"BAT1588","0.667665","34.357915","Hipposideros"
"BAT1589","0.667665","34.357915","Coleura"
"BAT1590","0.667665","34.357915","Coleura"
"BAT1591","0.667665","34.357915","Rhinolophus"
"BAT1592","0.667665","34.357915","Rhinolophus"
"BAT1593","0.667665","34.357915","Hipposideros"
"BAT1594","0.667665","34.357915","Coleura"
"BAT1595","0.667665","34.357915","Coleura"
"BAT1596","0.667665","34.357915","Coleura"
"BAT1597","0.667665","34.357915","Coleura"
"BAT1598","0.667665","34.357915","Coleura"
"BAT1599","0.667665","34.357915","Coleura"
"BAT16","-4.613914376","39.35433553","Rousettus"
"BAT1600","0.667665","34.357915","Coleura"
"BAT1601","0.667665","34.357915","Coleura"
"BAT1602","0.667665","34.357915","Coleura"
"BAT1603","0.667665","34.357915","Coleura"
"BAT1604","0.667665","34.357915","Coleura"
"BAT1605","0.667665","34.357915","Coleura"
"BAT1606","0.667665","34.357915","Hipposideros"
"BAT17","-4.613914376","39.35433553","Rousettus"
"BAT18","-4.613914376","39.35433553","Rousettus"
"BAT1822","1.029421","34.756222","Rousettus"
"BAT1823","1.029421","34.756222","Rousettus"
"BAT1824","1.029421","34.756222","Rousettus"
"BAT1825","1.029421","34.756222","Rousettus"
"BAT1826","1.029421","34.756222","Rousettus"
"BAT1827","1.029421","34.756222","Rousettus"
"BAT1828","1.029421","34.756222","Rousettus"
"BAT1829","1.029421","34.756222","Rousettus"
"BAT1830","1.029421","34.756222","Rousettus"
"BAT1831","1.029421","34.756222","Rousettus"
"BAT1832","1.029421","34.756222","Rousettus"
"BAT1833","1.029421","34.756222","Rousettus"
"BAT1834","1.029421","34.756222","Rousettus"
"BAT1835","1.029421","34.756222","Rousettus"
"BAT1836","1.029421","34.756222","Rousettus"
"BAT1837","1.029421","34.756222","Rousettus"
"BAT1838","1.029421","34.756222","Rousettus"
"BAT1839","1.029421","34.756222","Rousettus"
"BAT1840","1.029421","34.756222","Rousettus"
"BAT1841","1.029421","34.756222","Rousettus"
"BAT19","-4.613914376","39.35433553","Rousettus"
"BAT1985","0.007271","34.604201","Eidolon"
"BAT1986","0.007271","34.604201","Eidolon"
"BAT1987","0.007271","34.604201","Eidolon"
"BAT1989","0.007271","34.604201","Eidolon"
"BAT1990","0.007271","34.604201","Eidolon"
"BAT1991","0.007271","34.604201","Eidolon"
"BAT1992","0.007271","34.604201","Eidolon"
"BAT1993","0.007271","34.604201","Eidolon"
"BAT1994","0.007271","34.604201","Eidolon"
"BAT1995","0.007271","34.604201","Eidolon"
"BAT1996","0.007271","34.604201","Eidolon"
"BAT1997","0.007271","34.604201","Eidolon"
"BAT1998","0.007271","34.604201","Eidolon"
"BAT1999","0.007271","34.604201","Eidolon"
"BAT2","-4.613914376","39.35433553","Rousettus"
"BAT20","-4.613914376","39.35433553","Rousettus"
"BAT2000","0.007271","34.604201","Eidolon"
"BAT2001","0.007271","34.604201","Eidolon"
"BAT2002","0.007271","34.604201","Eidolon"
"BAT2003","0.007271","34.604201","Eidolon"
"BAT2004","0.007271","34.604201","Eidolon"
"BAT2069","2.215767","38.008389","Chaerephon"
"BAT2070","2.215767","38.008389","Chaerephon"
"BAT2071","2.215767","38.008389","Chaerephon"
"BAT2072","2.215767","38.008389","Chaerephon"
"BAT2073","2.215767","38.008389","Chaerephon"
"BAT2074","2.215767","38.008389","Chaerephon"
"BAT2075","2.215876","38.008389","Chaerephon"
"BAT2076","2.215876","38.008389","Chaerephon"
"BAT2077","2.215876","38.008389","Chaerephon"
"BAT2078","2.215876","38.008389","Chaerephon"
"BAT2079","2.215876","38.008389","Chaerephon"
"BAT2080","2.215876","38.008389","Chaerephon"
"BAT2081","2.215876","38.008389","Chaerephon"
"BAT2082","2.215876","38.008389","Chaerephon"
"BAT2083","2.215876","38.008389","Chaerephon"
"BAT2122","2.310642","37.998801","Chaerephon"
"BAT2123","2.310642","37.998801","Chaerephon"
"BAT2124","2.310642","37.998801","Chaerephon"
"BAT2125","2.310642","37.998801","Chaerephon"
"BAT2126","2.310642","37.998801","Chaerephon"
"BAT2127","2.310642","37.998801","Chaerephon"
"BAT2128","2.310642","37.998801","Chaerephon"
"BAT2129","2.310642","37.998801","Chaerephon"
"BAT2130","2.310642","37.998801","Chaerephon"
"BAT2131","2.310642","37.998801","Chaerephon"
"BAT2132","2.310642","37.998801","Chaerephon"
"BAT2133","2.310642","37.998801","Chaerephon"
"BAT2134","2.310642","37.998801","Chaerephon"
"BAT2135","2.310642","37.998801","Chaerephon"
"BAT2136","2.310642","37.998801","Chaerephon"
"BAT2151","2.310642","37.998801","Rhinolophus"
"BAT2152","2.310642","37.998801","Rhinolophus"
"BAT2153","2.310642","37.998801","Rhinolophus"
"BAT2154","2.310642","37.998801","Rhinolophus"
"BAT2155","2.310642","37.998801","Rhinolophus"
"BAT2156","2.310642","37.998801","Rhinolophus"
"BAT2157","2.310642","37.998801","Rhinolophus"
"BAT2158","2.310642","37.998801","Rhinolophus"
"BAT2159","2.310642","37.998801","Rhinolophus"
"BAT2160","2.310642","37.998801","Rhinolophus"
"BAT2161","2.310642","37.998801","Rhinolophus"
"BAT2162","2.310642","37.998801","Rhinolophus"
"BAT2163","2.310642","37.998801","Rhinolophus"
"BAT2164","2.310642","37.998801","Rhinolophus"
"BAT2165","2.310642","37.998801","Rhinolophus"
"BAT22","-4.613914376","39.35433553","Rousettus"
"BAT221","-4.080048","39.482899","Hipposideros"
"BAT2223","2.215691","37.888644","Chaerephon"
"BAT2224","2.215691","37.888644","Chaerephon"
"BAT2225","2.215691","37.888644","Chaerephon"
"BAT2226","2.215691","37.888644","Chaerephon"
"BAT2227","0.267398","38.123322","Chaerephon"
"BAT2228","0.267398","38.123322","Chaerephon"
"BAT2229","0.267398","38.123322","Chaerephon"
"BAT2230","0.267398","38.123322","Chaerephon"
"BAT2231","0.267398","38.123322","Chaerephon"
"BAT2232","0.267398","38.123322","Chaerephon"
"BAT2233","0.267398","38.123322","Chaerephon"
"BAT2234","0.267398","38.123322","Chaerephon"
"BAT2235","0.267398","38.123322","Chaerephon"
"BAT2236","0.267398","38.123322","Chaerephon"
"BAT2237","0.267398","38.123322","Chaerephon"
"BAT2268","0.267398","38.123322","Hipposideros"
"BAT2269","0.267398","38.123322","Hipposideros"
"BAT2270","0.267398","38.123322","Rhinolophus"
"BAT2271","0.267398","38.123322","Hipposideros"
"BAT2272","0.267398","38.123322","Hipposideros"
"BAT2273","0.267398","38.123322","Rhinolophus"
"BAT2274","0.267398","38.123322","Hipposideros"
"BAT2275","0.267398","38.123322","Hipposideros"
"BAT2276","0.268764","38.124949","Hipposideros"
"BAT2277","0.268764","38.124949","Hipposideros"
"BAT2320","0.268764","38.124949","Hipposideros"
"BAT2321","0.268764","38.124949","Hipposideros"
"BAT2322","0.268764","38.124949","Hipposideros"
"BAT2323","0.268764","38.124949","Hipposideros"
"BAT2324","0.268764","38.124949","Hipposideros"
"BAT2325","0.169954","38.194316","Hipposideros"
"BAT2326","0.169954","38.194316","Hipposideros"
"BAT2327","0.169954","38.194316","Hipposideros"
"BAT2328","0.169954","38.194316","Hipposideros"
"BAT2363","0.169954","38.194316","Hipposideros"
"BAT2376","0.271051","38.106617","Hipposideros"
"BAT2377","0.271051","38.106617","Hipposideros"
"BAT2378","0.271051","38.106617","Hipposideros"
"BAT2379","0.271051","38.106617","Hipposideros"
"BAT2380","0.271051","38.106617","Hipposideros"
"BAT2381","0.271051","38.106617","Hipposideros"
"BAT2382","0.271051","38.106617","Hipposideros"
"BAT2383","0.271051","38.106617","Hipposideros"
"BAT2384","0.271051","38.106617","Hipposideros"
"BAT2385","0.271051","38.106617","Hipposideros"
"BAT2426","0.266773","38.118668","Hipposideros"
"BAT2427","0.266773","38.118668","Hipposideros"
"BAT2428","0.266773","38.118668","Hipposideros"
"BAT2429","0.266773","38.118668","Hipposideros"
"BAT2430","0.266773","38.118668","Hipposideros"
"BAT2431","0.266773","38.118668","Hipposideros"
"BAT2432","0.266773","38.118668","Hipposideros"
"BAT2433","0.266773","38.118668","Hipposideros"
"BAT2434","0.266773","38.118668","Hipposideros"
"BAT2435","0.266773","38.118668","Hipposideros"
"BAT246","-4.080048","39.482899","Coleura"
"BAT247","-4.080048","39.482899","Hipposideros"
"BAT2476","0.102405","38.210133","Chaerephon"
"BAT2477","0.102405","38.210133","Chaerephon"
"BAT2478","0.102405","38.210133","Chaerephon"
"BAT2479","0.102405","38.210133","Chaerephon"
"BAT2480","0.102405","38.210133","Chaerephon"
"BAT2481","0.102405","38.210133","Chaerephon"
"BAT2482","0.102405","38.210133","Chaerephon"
"BAT2483","0.102405","38.210133","Chaerephon"
"BAT2484","0.102405","38.210133","Chaerephon"
"BAT2485","0.102405","38.210133","Chaerephon"
"BAT249","-4.080048","39.482899","Hipposideros"
"BAT2519","0.102405","38.210133","Cardioderma"
"BAT2520","0.102405","38.210133","Cardioderma"
"BAT2521","0.102405","38.210133","Cardioderma"
"BAT2522","0.102405","38.210133","Cardioderma"
"BAT2523","0.102405","38.210133","Cardioderma"
"BAT2524","0.102405","38.210133","Cardioderma"
"BAT2525","0.102405","38.210133","Cardioderma"
"BAT2526","-0.077212","38.424201","Cardioderma"
"BAT2527","-0.077212","38.424201","Cardioderma"
"BAT2528","-0.077212","38.424201","Cardioderma"
"BAT255","-4.080048","39.482899","Taphozous"
"BAT2555","-0.077212","38.424201","Cardioderma"
"BAT256","-4.080048","39.482899","Coleura"
"BAT257","-4.080048","39.482899","Taphozous"
"BAT2576","-0.077212","38.424201","Chaerephon"
"BAT2577","-0.077212","38.424201","Mops"
"BAT2578","-0.077212","38.424201","Cardioderma"
"BAT2579","-0.077212","38.424201","Chaerephon"
"BAT258","-4.080048","39.482899","Coleura"
"BAT2580","-0.077212","38.424201","Mops"
"BAT2581","-0.077212","38.424201","Chaerephon"
"BAT2582","-0.077212","38.424201","Mops"
"BAT2583","-0.077212","38.424201","Mops"
"BAT2584","-0.077212","38.424201","Cardioderma"
"BAT2585","-0.077212","38.424201","Chaerephon"
"BAT2586","-0.077212","38.424201","Chaerephon"
"BAT2587","-0.077212","38.424201","Chaerephon"
"BAT2588","-0.077212","38.424201","Chaerephon"
"BAT2589","-0.077212","38.424201","Chaerephon"
"BAT259","-4.080048","39.482899","Taphozous"
"BAT2590","-0.077212","38.424201","Chaerephon"
"BAT2591","-0.077212","38.424201","Chaerephon"
"BAT2592","-0.077212","38.424201","Chaerephon"
"BAT2593","-0.077212","38.424201","Chaerephon"
"BAT2594","-0.077212","38.424201","Mops"
"BAT260","-4.080048","39.482899","Coleura"
"BAT261","-4.080048","39.482899","Taphozous"
"BAT2618","-0.077212","38.424201","Cardioderma"
"BAT262","-4.080048","39.482899","Coleura"
"BAT2621","-0.077212","38.424201","Cardioderma"
"BAT263","-4.080048","39.482899","Taphozous"
"BAT264","-4.080048","39.482899","Coleura"
"BAT265","-4.080048","39.482899","Taphozous"
"BAT266","-4.080048","39.482899","Taphozous"
"BAT267","-4.080048","39.482899","Miniopterus"
"BAT268","-4.080048","39.482899","Taphozous"
"BAT269","-4.080048","39.482899","Coleura"
"BAT270","-4.080048","39.482899","Coleura"
"BAT271","-4.080048","39.482899","Taphozous"
"BAT272","-4.080048","39.482899","Taphozous"
"BAT2726","-0.263934","37.686634","Chaerephon"
"BAT2727","-0.263934","37.686634","Chaerephon"
"BAT2728","-0.263934","37.686634","Chaerephon"
"BAT2729","-0.263934","37.686634","Chaerephon"
"BAT273","-4.080048","39.482899","Coleura"
"BAT2730","-0.263934","37.686634","Chaerephon"
"BAT2731","-0.263934","37.686634","Chaerephon"
"BAT2732","-0.263934","37.686634","Chaerephon"
"BAT2733","-0.263934","37.686634","Chaerephon"
"BAT2734","-0.263934","37.686634","Chaerephon"
"BAT2735","-0.263934","37.686634","Chaerephon"
"BAT2736","-0.263934","37.686634","Chaerephon"
"BAT2737","-0.263934","37.686634","Chaerephon"
"BAT2738","-0.263934","37.686634","Chaerephon"
"BAT2739","-0.263934","37.686634","Chaerephon"
"BAT274","-4.080048","39.482899","Taphozous"
"BAT2740","-0.263934","37.686634","Chaerephon"
"BAT2741","-0.263934","37.686634","Chaerephon"
"BAT2742","-0.263934","37.686634","Chaerephon"
"BAT2743","-0.263934","37.686634","Chaerephon"
"BAT2744","-0.263934","37.686634","Chaerephon"
"BAT2745","-0.263934","37.686634","Chaerephon"
"BAT2786","-0.251424","36.054757","Rousettus"
"BAT2787","-0.251424","36.054757","Rousettus"
"BAT2788","-0.251424","36.054757","Rousettus"
"BAT2789","-0.251424","36.054757","Rousettus"
"BAT2790","-0.251424","36.054757","Rousettus"
"BAT2791","-0.251424","36.054757","Rousettus"
"BAT2792","-0.251424","36.054757","Rousettus"
"BAT2793","-0.251424","36.054757","Rousettus"
"BAT2794","-0.251424","36.054757","Rousettus"
"BAT2795","-0.251424","36.054757","Rousettus"
"BAT2796","-0.251424","36.054757","Rousettus"
"BAT2797","-0.251424","36.054757","Rousettus"
"BAT2798","-0.251424","36.054757","Rousettus"
"BAT2799","-0.251424","36.054757","Rousettus"
"BAT2800","-0.251424","36.054757","Rousettus"
"BAT2801","-0.251424","36.054757","Rousettus"
"BAT2802","-0.251424","36.054757","Rousettus"
"BAT2803","-0.251424","36.054757","Rousettus"
"BAT2804","-0.251424","36.054757","Rousettus"
"BAT2813","-0.251424","36.054757","Rousettus"
"BAT2985","-0.251424","36.054757","Rousettus"
"BAT2986","-0.251424","36.054757","Miniopterus"
"BAT2987","-0.251424","36.054757","Miniopterus"
"BAT2988","-0.251424","36.054757","Miniopterus"
"BAT2989","-0.251424","36.054757","Miniopterus"
"BAT2990","-0.251424","36.054757","Miniopterus"
"BAT2991","-0.251424","36.054757","Miniopterus"
"BAT2992","-0.251424","36.054757","Miniopterus"
"BAT2993","-0.251424","36.054757","Miniopterus"
"BAT2994","-0.251424","36.054757","Miniopterus"
"BAT2995","-0.251424","36.054757","Miniopterus"
"BAT2996","-0.251424","36.054757","Miniopterus"
"BAT2997","-0.251424","36.054757","Miniopterus"
"BAT2998","-0.251424","36.054757","Miniopterus"
"BAT2999","-0.251424","36.054757","Miniopterus"
"BAT3","-4.613914376","39.35433553","Rousettus"
"BAT3000","-0.251424","36.054757","Miniopterus"
"BAT3003","-0.251424","36.054757","Miniopterus"
"BAT3004","-0.251424","36.054757","Miniopterus"
"BAT3030","-0.251424","36.054757","Miniopterus"
"BAT3096","-0.251424","36.054757","Miniopterus"
"BAT3097","-0.251424","36.054757","Miniopterus"
"BAT321","-3.349888","40.015195","Taphozous"
"BAT3503","-0.251424","36.054757","Miniopterus"
"BAT398","-3.349888","40.015195","Rousettus"
"BAT399","-3.349888","40.015195","Rousettus"
"BAT4","-4.613914376","39.35433553","Rousettus"
"BAT400","-3.349888","40.015195","Rousettus"
"BAT401","-3.217157","40.121639","Rousettus"
"BAT402","-3.217157","40.121639","Rousettus"
"BAT403","-4.05929","39.666449","Rousettus"
"BAT404","-4.05929","39.666449","Rousettus"
"BAT405","-3.217157","40.121639","Rousettus"
"BAT406","-4.05929","39.666449","Rousettus"
"BAT407","-4.05929","39.666449","Rousettus"
"BAT408","-4.05929","39.666449","Rousettus"
"BAT409","-4.05929","39.666449","Rousettus"
"BAT410","-4.05929","39.666449","Rousettus"
"BAT412","-4.05929","39.666449","Rousettus"
"BAT413","-3.217157","40.121639","Rousettus"
"BAT414","-3.217157","40.121639","Rousettus"
"BAT415","-3.217157","40.121639","Rousettus"
"BAT416","-3.217157","40.121639","Rousettus"
"BAT417","-3.217157","40.121639","Rousettus"
"BAT418","-3.217157","40.121639","Rousettus"
"BAT428","-3.217157","40.121639","Rousettus"
"BAT47","-4.613914376","39.35433553","Rousettus"
"BAT498","-4.05929","39.666449","Eidolon"
"BAT499","-4.05929","39.666449","Eidolon"
"BAT5","-4.613914376","39.35433553","Rousettus"
"BAT500","-4.05929","39.666449","Eidolon"
"BAT501","-4.05929","39.666449","Eidolon"
"BAT502","-4.05929","39.666449","Eidolon"
"BAT503","-4.05929","39.666449","Eidolon"
"BAT504","-4.05929","39.666449","Eidolon"
"BAT505","-4.05929","39.666449","Eidolon"
"BAT506","-4.05929","39.666449","Eidolon"
"BAT507","-4.05929","39.666449","Eidolon"
"BAT508","-4.05929","39.666449","Eidolon"
"BAT509","-4.05929","39.666449","Eidolon"
"BAT510","-4.05929","39.666449","Eidolon"
"BAT511","-4.05929","39.666449","Eidolon"
"BAT512","-4.05929","39.666449","Eidolon"
"BAT513","-4.05929","39.666449","Eidolon"
"BAT514","-4.05929","39.666449","Eidolon"
"BAT515","-4.05929","39.666449","Eidolon"
"BAT516","-4.05929","39.666449","Eidolon"
"BAT517","-4.05929","39.666449","Eidolon"
"BAT582","-3.351518","38.598908","Eidolon"
"BAT591","-3.351518","38.598908","Eidolon"
"BAT592","-3.351518","38.598908","Eidolon"
"BAT593","-3.351518","38.598908","Eidolon"
"BAT594","-3.351518","38.598908","Eidolon"
"BAT595","-3.351518","38.598908","Eidolon"
"BAT596","-3.351518","38.598908","Eidolon"
"BAT597","-3.351518","38.598908","Eidolon"
"BAT598","-3.351518","38.598908","Eidolon"
"BAT599","-3.351518","38.598908","Eidolon"
"BAT6","-4.613914376","39.35433553","Rousettus"
"BAT600","-3.351518","38.598908","Eidolon"
"BAT601","-3.351518","38.598908","Eidolon"
"BAT602","-3.351518","38.598908","Eidolon"
"BAT603","-3.351518","38.598908","Eidolon"
"BAT604","-3.351518","38.598908","Eidolon"
"BAT605","-3.351518","38.598908","Eidolon"
"BAT606","-3.351518","38.598908","Eidolon"
"BAT607","-3.351518","38.598908","Eidolon"
"BAT608","-3.351518","38.598908","Eidolon"
"BAT609","-3.351518","38.598908","Eidolon"
"BAT610","-3.351518","38.598908","Eidolon"
"BAT611","-3.351518","38.598908","Eidolon"
"BAT612","-3.351518","38.598908","Eidolon"
"BAT613","-3.351518","38.598908","Eidolon"
"BAT614","-3.351518","38.598908","Eidolon"
"BAT615","-3.351518","38.598908","Hipposideros"
"BAT616","-3.351518","38.598908","Hipposideros"
"BAT617","-3.351518","38.598908","Hipposideros"
"BAT618","-3.351518","38.598908","Hipposideros"
"BAT619","-3.351518","38.598908","Hipposideros"
"BAT620","-3.351518","38.598908","Hipposideros"
"BAT621","-3.351518","38.598908","Hipposideros"
"BAT624","-3.351518","38.598908","Hipposideros"
"BAT625","-3.351518","38.598908","Hipposideros"
"BAT626","-3.351518","38.598908","Hipposideros"
"BAT627","-3.351518","38.598908","Hipposideros"
"BAT630","-3.351518","38.598908","Hipposideros"
"BAT631","-3.351518","38.598908","Hipposideros"
"BAT632","-3.351518","38.598908","Hipposideros"
"BAT7","-4.613914376","39.35433553","Rousettus"
"BAT781","-0.276536","35.272731","Miniopterus"
"BAT784","-0.276536","35.272731","Miniopterus"
"BAT8","-4.613914376","39.35433553","Rousettus"
"BAT854","-1.131317","36.404604","Otomops"
"BAT895","-1.131317","36.404604","Otomops"
"BAT899","-1.131317","36.404604","Otomops"
"BAT9","-4.613914376","39.35433553","Rousettus"
"BAT905","-1.131317","36.404604","Otomops"
"BAT906","-1.131317","36.404604","Otomops"
"BAT908","-1.131317","36.404604","Otomops"
"BAT936","-1.131317","36.404604","Otomops"
"BATORAL10R","-0.164072","30.020253","Rousettus"
"BATORAL10VTM","-0.164072","30.020253","Rousettus"
"BATORAL11R","-0.164072","30.020253","Rousettus"
"BATORAL11VTM","-0.164072","30.020253","Rousettus"
"BATORAL12R","-0.164072","30.020253","Rousettus"
"BATORAL12VTM","-0.164072","30.020253","Rousettus"
"BATORAL13R","-0.164072","30.020253","Rousettus"
"BATORAL13VTM","-0.164072","30.020253","Rousettus"
"BATORAL14R","-0.164072","30.020253","Rousettus"
"BATORAL14VTM","-0.164072","30.020253","Rousettus"
"BATORAL15R","-0.164072","30.020253","Rousettus"
"BATORAL15VTM","-0.164072","30.020253","Rousettus"
"BATORAL16R","-0.164072","30.020253","Rousettus"
"BATORAL16VTM","-0.164072","30.020253","Rousettus"
"BATORAL17R","-0.164072","30.020253","Rousettus"
"BATORAL17VTM","-0.164072","30.020253","Rousettus"
"BATORAL18R","-0.164072","30.020253","Rousettus"
"BATORAL18VTM","-0.164072","30.020253","Rousettus"
"BATORAL19R","-0.164072","30.020253","Rousettus"
"BATORAL19VTM","-0.164072","30.020253","Rousettus"
"BATORAL1R","-0.164072","30.020253","Rousettus"
"BATORAL1VTM","-0.164072","30.020253","Rousettus"
"BATORAL20R","-0.164072","30.020253","Rousettus"
"BATORAL20VTM","-0.164072","30.020253","Rousettus"
"BATORAL21R","-0.164072","30.020253","Rousettus"
"BATORAL21VTM","-0.164072","30.020253","Rousettus"
"BATORAL22R","-0.164072","30.020253","Rousettus"
"BATORAL22VTM","-0.164072","30.020253","Rousettus"
"BATORAL23R","-0.164072","30.020253","Rousettus"
"BATORAL23VTM","-0.164072","30.020253","Rousettus"
"BATORAL24R","-0.164072","30.020253","Rousettus"
"BATORAL24VTM","-0.164072","30.020253","Rousettus"
"BATORAL25R","-0.164072","30.020253","Rousettus"
"BATORAL25VTM","-0.164072","30.020253","Rousettus"
"BATORAL26R","-0.164072","30.020253","Rousettus"
"BATORAL26VTM","-0.164072","30.020253","Rousettus"
"BATORAL27R","-0.164072","30.020253","Rousettus"
"BATORAL27VTM","-0.164072","30.020253","Rousettus"
"BATORAL28R","-0.164072","30.020253","Rousettus"
"BATORAL28VTM","-0.164072","30.020253","Rousettus"
"BATORAL29R","-0.164072","30.020253","Rousettus"
"BATORAL29VTM","-0.164072","30.020253","Rousettus"
"BATORAL2R","-0.164072","30.020253","Rousettus"
"BATORAL2VTM","-0.164072","30.020253","Rousettus"
"BATORAL30R","-0.164072","30.020253","Rousettus"
"BATORAL30VTM","-0.164072","30.020253","Rousettus"
"BATORAL31R","-0.164072","30.020253","Rousettus"
"BATORAL31VTM","-0.164072","30.020253","Rousettus"
"BATORAL32R","-0.164072","30.020253","Rousettus"
"BATORAL32VTM","-0.164072","30.020253","Rousettus"
"BATORAL33R","-0.164072","30.020253","Rousettus"
"BATORAL33VTM","-0.164072","30.020253","Rousettus"
"BATORAL34R","-0.164072","30.020253","Rousettus"
"BATORAL34VTM","-0.164072","30.020253","Rousettus"
"BATORAL35R","-0.164072","30.020253","Rousettus"
"BATORAL35VTM","-0.164072","30.020253","Rousettus"
"BATORAL3R","-0.164072","30.020253","Rousettus"
"BATORAL3VTM","-0.164072","30.020253","Rousettus"
"BATORAL4R","-0.164072","30.020253","Rousettus"
"BATORAL5R","-0.164072","30.020253","Rousettus"
"BATORAL5VTM","-0.164072","30.020253","Rousettus"
"BATORAL6R","-0.164072","30.020253","Rousettus"
"BATORAL6VTM","-0.164072","30.020253","Rousettus"
"BATORAL7R","-0.164072","30.020253","Rousettus"
"BATORAL7VTM","-0.164072","30.020253","Rousettus"
"BATORAL8R","-0.164072","30.020253","Rousettus"
"BATORAL8VTM","-0.164072","30.020253","Rousettus"
"BATORAL9R","-0.164072","30.020253","Rousettus"
"BATORAL9VTM","-0.164072","30.020253","Rousettus"
"BFS048","-3.32173","40.04169","Hipposideros"
"BFS050","-3.32173","40.04169","Hipposideros"
"BFS051","-3.32173","40.04169","Hipposideros"
"BFS054","-3.32173","40.04169","Hipposideros"
"BFS058","-3.32173","40.04169","Hipposideros"
"BFS059","-3.32173","40.04169","Hipposideros"
"BFS070","-3.32173","40.04169","Coleura"
"BFS074","-3.32173","40.04169","Coleura"
"BFS077","-3.32173","40.04169","Coleura"
"BFS079","-3.32173","40.04169","Coleura"
"BFS094","-3.32173","40.04169","Triaenops"
"BFS095","-3.32173","40.04169","Triaenops"
"BFS096","-3.32173","40.04169","Triaenops"
"BFS099","-3.32173","40.04169","Triaenops"
"BFS103","-3.32173","40.04169","Triaenops"
"BFS126","-3.32173","40.04169","Miniopterus"
"BFS127","-3.32173","40.04169","Miniopterus"
"BFS128","-3.32173","40.04169","Miniopterus"
"BFS131","-3.32173","40.04169","Miniopterus"
"BFS132","-3.32173","40.04169","Miniopterus"
"BFS133","-3.32173","40.04169","Miniopterus"
"BFS154","-3.321017","40.023842","Cardioderma"
"BFS182","-2.745427","38.130589","Epomophorus"
"KAK186","0.6692167393","34.3589689854","Miniopterus"
"KBR10SL","1.048889","34.58","Rhinolophus"
"KBR11SL","1.048889","34.58","Rhinolophus"
"KBR12SL","1.048889","34.58","Rhinolophus"
"KBR13SL","1.048889","34.58","Rhinolophus"
"KBR14SL","1.048889","34.58","Miniopterus"
"KBR15SL","1.048889","34.58","Rhinolophus"
"KBR16SL","1.048889","34.58","Rhinolophus"
"KBR17SL","1.048889","34.58","Rhinolophus"
"KBR18SL","1.048889","34.58","Rhinolophus"
"KBR19SL","1.048889","34.58","Rhinolophus"
"KBR1SL","1.048889","34.58","Rhinolophus"
"KBR20SL","1.048889","34.58","Rhinolophus"
"KBR21SL","1.048889","34.58","Rhinolophus"
"KBR22SL","1.048889","34.58","Rhinolophus"
"KBR23SL","1.048889","34.58","Rhinolophus"
"KBR24SL","1.048889","34.58","Rhinolophus"
"KBR25SL","1.048889","34.58","Rhinolophus"
"KBR26SL","1.048889","34.58","Rhinolophus"
"KBR27SL","1.048889","34.58","Rousettus"
"KBR28SL","1.048889","34.58","Rousettus"
"KBR29SL","1.048889","34.58","Miniopterus"
"KBR2SL","1.048889","34.58","Rousettus"
"KBR30SL","1.048889","34.58","Miniopterus"
"KBR31SL","1.048889","34.58","Miniopterus"
"KBR32SL","1.048889","34.58","Miniopterus"
"KBR33SL","1.048889","34.58","Miniopterus"
"KBR34SL","1.048889","34.58","Rousettus"
"KBR35SL","1.048889","34.58","Rousettus"
"KBR36SL","1.048889","34.58","Rousettus"
"KBR37SL","1.048889","34.58","Miniopterus"
"KBR38SL","1.048889","34.58","Miniopterus"
"KBR39SL","1.048889","34.58","Miniopterus"
"KBR3SL","1.048889","34.58","Miniopterus"
"KBR40SL","1.048889","34.58","Miniopterus"
"KBR41SL","1.048889","34.58","Miniopterus"
"KBR4SL","1.048889","34.58","Miniopterus"
"KBR5SL","1.048889","34.58","Miniopterus"
"KBR6SL","1.048889","34.58","Miniopterus"
"KBR7SL","1.048889","34.58","Rhinolophus"
"KBR8SL","1.048889","34.58","Rhinolophus"
"KBR9SL","1.048889","34.58","Rhinolophus"
"KSI001","-0.6800815041","34.7732838323","Eidolon"
"KSI011","-0.6800815041","34.7732838323","Eidolon"
"QEPC004","-0.164072","30.020253","Rousettus"
"QEPC005","-0.164072","30.020253","Rousettus"
"QEPC027R","-0.164072","30.020253","Rousettus"
"QEPC028R","-0.164072","30.020253","Rousettus"
"QEPC045","-0.164072","30.020253","Rousettus"
"QEPC046","-0.164072","30.020253","Rousettus"
"QEPC091R","-0.164072","30.020253","Rousettus"
"QEPC092R","-0.164072","30.020253","Rousettus"
"UG2018BL1","-0.164072","30.020253","Rousettus"
"UG2018BL10","-0.164072","30.020253","Rousettus"
"UG2018BL11","-0.164072","30.020253","Rousettus"
"UG2018BL12","-0.164072","30.020253","Rousettus"
"UG2018BL13","-0.164072","30.020253","Rousettus"
"UG2018BL14","-0.164072","30.020253","Rousettus"
"UG2018BL15","-0.164072","30.020253","Rousettus"
"UG2018BL16","-0.164072","30.020253","Rousettus"
"UG2018BL17","-0.164072","30.020253","Rousettus"
"UG2018BL18","-0.164072","30.020253","Rousettus"
"UG2018BL19","-0.164072","30.020253","Rousettus"
"UG2018BL2","-0.164072","30.020253","Rousettus"
"UG2018BL20","-0.164072","30.020253","Rousettus"
"UG2018BL21","-0.164072","30.020253","Rousettus"
"UG2018BL22","-0.164072","30.020253","Rousettus"
"UG2018BL23","-0.164072","30.020253","Rousettus"
"UG2018BL24","-0.164072","30.020253","Rousettus"
"UG2018BL3","-0.164072","30.020253","Rousettus"
"UG2018BL4","-0.164072","30.020253","Rousettus"
"UG2018BL5","-0.164072","30.020253","Rousettus"
"UG2018BL6","-0.164072","30.020253","Rousettus"
"UG2018BL7","-0.164072","30.020253","Rousettus"
"UG2018BL8","-0.164072","30.020253","Rousettus"
"UG2018BL9","-0.164072","30.020253","Rousettus"
"UGR1","0.9833294","31.083333","Rousettus"
"UGR10","0.9833294","31.083333","Rousettus"
"UGR11","0.9833294","31.083333","Rousettus"
"UGR12","0.9833294","31.083333","Rousettus"
"UGR13","0.9833294","31.083333","Rousettus"
"UGR14","0.9833294","31.083333","Rousettus"
"UGR15","0.9833294","31.083333","Rousettus"
"UGR16","0.9833294","31.083333","Rousettus"
"UGR17","0.9833294","31.083333","Rousettus"
"UGR18","0.9833294","31.083333","Rousettus"
"UGR19","0.9833294","31.083333","Rousettus"
"UGR2","0.9833294","31.083333","Rousettus"
"UGR20","0.9833294","31.083333","Rousettus"
"UGR22","0.9833294","31.083333","Rousettus"
"UGR23","0.9833294","31.083333","Rousettus"
"UGR24","0.9833294","31.083333","Rousettus"
"UGR25","0.9833294","31.083333","Rousettus"
"UGR26","0.9833294","31.083333","Rousettus"
"UGR27","0.9833294","31.083333","Rousettus"
"UGR28","0.9833294","31.083333","Rousettus"
"UGR29","0.9833294","31.083333","Rousettus"
"UGR3","0.9833294","31.083333","Rousettus"
"UGR30","0.9833294","31.083333","Rousettus"
"UGR31","0.9833294","31.083333","Rousettus"
"UGR32","0.9833294","31.083333","Rousettus"
"UGR33","0.9833294","31.083333","Rousettus"
"UGR34","0.9833294","31.083333","Rousettus"
"UGR35","0.9833294","31.083333","Rousettus"
"UGR36","0.9833294","31.083333","Rousettus"
"UGR37","0.9833294","31.083333","Rousettus"
"UGR38","0.9833294","31.083333","Rousettus"
"UGR39","0.9833294","31.083333","Rousettus"
"UGR4","0.9833294","31.083333","Rousettus"
"UGR40","0.9833294","31.083333","Rousettus"
"UGR41","0.9833294","31.083333","Rousettus"
"UGR42","0.9833294","31.083333","Rousettus"
"UGR43","0.9833294","31.083333","Rousettus"
"UGR44","0.9833294","31.083333","Rousettus"
"UGR45","0.9833294","31.083333","Rousettus"
"UGR46","0.9833294","31.083333","Rousettus"
"UGR47","0.9833294","31.083333","Rousettus"
"UGR48","0.9833294","31.083333","Rousettus"
"UGR49","0.9833294","31.083333","Rousettus"
"UGR5","0.9833294","31.083333","Rousettus"
"UGR50","0.9833294","31.083333","Rousettus"
"UGR51","0.9833294","31.083333","Rousettus"
"UGR52","0.9833294","31.083333","Rousettus"
"UGR53","0.9833294","31.083333","Rousettus"
"UGR55","0.9833294","31.083333","Rousettus"
"UGR56","0.9833294","31.083333","Rousettus"
"UGR57","0.9833294","31.083333","Rousettus"
"UGR59","0.9833294","31.083333","Rousettus"
"UGR6","0.9833294","31.083333","Rousettus"
"UGR61","0.9833294","31.083333","Rousettus"
"UGR62","0.9833294","31.083333","Rousettus"
"UGR63","0.9833294","31.083333","Rousettus"
"UGR64","0.9833294","31.083333","Rousettus"
"UGR65","0.9833294","31.083333","Rousettus"
"UGR66","0.9833294","31.083333","Rousettus"
"UGR67","0.9833294","31.083333","Rousettus"
"UGR68","0.9833294","31.083333","Rousettus"
"UGR69","0.9833294","31.083333","Rousettus"
"UGR7","0.9833294","31.083333","Rousettus"
"UGR70","0.9833294","31.083333","Rousettus"
"UGR71","0.9833294","31.083333","Rousettus"
"UGR72","0.9833294","31.083333","Rousettus"
"UGR73","0.9833294","31.083333","Rousettus"
"UGR74","0.9833294","31.083333","Rousettus"
"UGR75","0.9833294","31.083333","Rousettus"
"UGR76","0.9833294","31.083333","Rousettus"
"UGR77","0.9833294","31.083333","Rousettus"
"UGR78","0.9833294","31.083333","Rousettus"
"UGR79","0.9833294","31.083333","Rousettus"
"UGR8","0.9833294","31.083333","Rousettus"
"UGR80","0.9833294","31.083333","Rousettus"
"UGR81","0.9833294","31.083333","Rousettus"
"UGR82","0.9833294","31.083333","Rousettus"
"UGR83","0.9833294","31.083333","Rousettus"
"UGR84","0.9833294","31.083333","Rousettus"
"UGR85","0.9833294","31.083333","Rousettus"
"UGR86","0.9833294","31.083333","Rousettus"
"UGR87","0.9833294","31.083333","Rousettus"
"UGR88","0.9833294","31.083333","Rousettus"
"UGR89","0.9833294","31.083333","Rousettus"
"UGR9","0.9833294","31.083333","Rousettus"
"UGR90","0.9833294","31.083333","Rousettus"
"UGR91","0.9833294","31.083333","Rousettus"
"UGR92","0.9833294","31.083333","Rousettus"
"UGR93","0.9833294","31.083333","Rousettus"
"UGR94","0.9833294","31.083333","Rousettus"
"UGR95","0.9833294","31.083333","Rousettus"
"UR1","-0.164072","30.020253","Rousettus"
"UR10","-0.164072","30.020253","Rousettus"
"UR11","-0.164072","30.020253","Rousettus"
"UR12","-0.164072","30.020253","Rousettus"
"UR13","-0.164072","30.020253","Rousettus"
"UR14","-0.164072","30.020253","Rousettus"
"UR15","-0.164072","30.020253","Rousettus"
"UR16","-0.164072","30.020253","Rousettus"
"UR17","-0.164072","30.020253","Rousettus"
"UR18","-0.164072","30.020253","Rousettus"
"UR19","-0.164072","30.020253","Rousettus"
"UR2","-0.164072","30.020253","Rousettus"
"UR20","-0.164072","30.020253","Rousettus"
"UR21","-0.164072","30.020253","Rousettus"
"UR22","-0.164072","30.020253","Rousettus"
"UR23","-0.164072","30.020253","Rousettus"
"UR24","-0.164072","30.020253","Rousettus"
"UR25","-0.164072","30.020253","Rousettus"
"UR26","-0.164072","30.020253","Rousettus"
"UR27","-0.164072","30.020253","Rousettus"
"UR28","-0.164072","30.020253","Rousettus"
"UR29","-0.164072","30.020253","Rousettus"
"UR3","-0.164072","30.020253","Rousettus"
"UR30","-0.164072","30.020253","Rousettus"
"UR31","-0.164072","30.020253","Rousettus"
"UR32","-0.164072","30.020253","Rousettus"
"UR33","-0.164072","30.020253","Rousettus"
"UR34","-0.164072","30.020253","Rousettus"
"UR35","-0.164072","30.020253","Rousettus"
"UR36","-0.164072","30.020253","Rousettus"
"UR38","-0.164072","30.020253","Rousettus"
"UR39","-0.164072","30.020253","Rousettus"
"UR4","-0.164072","30.020253","Rousettus"
"UR41","-0.164072","30.020253","Rousettus"
"UR42","-0.164072","30.020253","Rousettus"
"UR43","-0.164072","30.020253","Rousettus"
"UR44","-0.164072","30.020253","Rousettus"
"UR45","-0.164072","30.020253","Rousettus"
"UR46","-0.164072","30.020253","Rousettus"
"UR47","-0.164072","30.020253","Rousettus"
"UR48","-0.164072","30.020253","Rousettus"
"UR49","-0.164072","30.020253","Rousettus"
"UR5","-0.164072","30.020253","Rousettus"
"UR50","-0.164072","30.020253","Rousettus"
"UR51","-0.164072","30.020253","Rousettus"
"UR52","-0.164072","30.020253","Rousettus"
"UR53","-0.164072","30.020253","Rousettus"
"UR6","-0.164072","30.020253","Rousettus"
"UR7","-0.164072","30.020253","Rousettus"
"UR9","-0.164072","30.020253","Rousettus"
"URA10SL","-0.164072","30.020253","Rousettus"
"URA11SL","-0.164072","30.020253","Rousettus"
"URA12SL","-0.164072","30.020253","Rousettus"
"URA13SL","-0.164072","30.020253","Rousettus"
"URA14SL","-0.164072","30.020253","Rousettus"
"URA15SL","-0.164072","30.020253","Rousettus"
"URA16SL","-0.164072","30.020253","Rousettus"
"URA17SL","-0.164072","30.020253","Rousettus"
"URA18SL","-0.164072","30.020253","Rousettus"
"URA19SL","-0.164072","30.020253","Rousettus"
"URA1SL","-0.164072","30.020253","Rousettus"
"URA2018001Int","-0.164072","30.020253","Rousettus"
"URA2018002Int","-0.164072","30.020253","Rousettus"
"URA2018003Int","-0.164072","30.020253","Rousettus"
"URA2018004Int","-0.164072","30.020253","Rousettus"
"URA2018005Int","-0.164072","30.020253","Rousettus"
"URA2018006Int","-0.164072","30.020253","Rousettus"
"URA2018007Int","-0.164072","30.020253","Rousettus"
"URA2018008Int","-0.164072","30.020253","Rousettus"
"URA2018010Int","-0.164072","30.020253","Rousettus"
"URA2018011Int","-0.164072","30.020253","Rousettus"
"URA2018012Int","-0.164072","30.020253","Rousettus"
"URA2018013Int","-0.164072","30.020253","Rousettus"
"URA2018014Int","-0.164072","30.020253","Rousettus"
"URA2018015Int","-0.164072","30.020253","Rousettus"
"URA2018016Int","-0.164072","30.020253","Rousettus"
"URA2018017Int","-0.164072","30.020253","Rousettus"
"URA2018018Int","-0.164072","30.020253","Rousettus"
"URA2018019Int","-0.164072","30.020253","Rousettus"
"URA2018021Int","-0.164072","30.020253","Rousettus"
"URA2018022Int","-0.164072","30.020253","Rousettus"
"URA2018023Int","-0.164072","30.020253","Rousettus"
"URA2018024Int","-0.164072","30.020253","Rousettus"
"URA20SL","-0.164072","30.020253","Rousettus"
"URA21SL","-0.164072","30.020253","Rousettus"
"URA22SL","-0.164072","30.020253","Rousettus"
"URA23SL","-0.164072","30.020253","Rousettus"
"URA24SL","-0.164072","30.020253","Rousettus"
"URA2SL","-0.164072","30.020253","Rousettus"
"URA3SL","-0.164072","30.020253","Rousettus"
"URA4SL","-0.164072","30.020253","Rousettus"
"URA5SL","-0.164072","30.020253","Rousettus"
"URA6SL","-0.164072","30.020253","Rousettus"
"URA7SL","-0.164072","30.020253","Rousettus"
"URA8SL","-0.164072","30.020253","Rousettus"
"URAKH1","-0.164072","30.020253","Rousettus"
"URAKH10","-0.164072","30.020253","Rousettus"
"URAKH11","-0.164072","30.020253","Rousettus"
"URAKH12","-0.164072","30.020253","Rousettus"
"URAKH13","-0.164072","30.020253","Rousettus"
"URAKH15","-0.164072","30.020253","Rousettus"
"URAKH16","-0.164072","30.020253","Rousettus"
"URAKH17","-0.164072","30.020253","Rousettus"
"URAKH18","-0.164072","30.020253","Rousettus"
"URAKH19","-0.164072","30.020253","Rousettus"
"URAKH2","-0.164072","30.020253","Rousettus"
"URAKH20","-0.164072","30.020253","Rousettus"
"URAKH21","-0.164072","30.020253","Rousettus"
"URAKH22","-0.164072","30.020253","Rousettus"
"URAKH23","-0.164072","30.020253","Rousettus"
"URAKH24","-0.164072","30.020253","Rousettus"
"URAKH3","-0.164072","30.020253","Rousettus"
"URAKH4","-0.164072","30.020253","Rousettus"
"URAKH5","-0.164072","30.020253","Rousettus"
"URAKH6","-0.164072","30.020253","Rousettus"
"URAKH7","-0.164072","30.020253","Rousettus"
"URAKH8","-0.164072","30.020253","Rousettus"
"URAKH9","-0.164072","30.020253","Rousettus"
"UV1","-0.164072","30.020253","Rousettus"
"UV10","-0.164072","30.020253","Rousettus"
"UV11","-0.164072","30.020253","Rousettus"
"UV12","-0.164072","30.020253","Rousettus"
"UV13","-0.164072","30.020253","Rousettus"
"UV15","-0.164072","30.020253","Rousettus"
"UV16","-0.164072","30.020253","Rousettus"
"UV17","-0.164072","30.020253","Rousettus"
"UV18","-0.164072","30.020253","Rousettus"
"UV19","-0.164072","30.020253","Rousettus"
"UV2","-0.164072","30.020253","Rousettus"
"UV22","-0.164072","30.020253","Rousettus"
"UV23","-0.164072","30.020253","Rousettus"
"UV24","-0.164072","30.020253","Rousettus"
"UV25","-0.164072","30.020253","Rousettus"
"UV26","-0.164072","30.020253","Rousettus"
"UV27","-0.164072","30.020253","Rousettus"
"UV28","-0.164072","30.020253","Rousettus"
"UV29","-0.164072","30.020253","Rousettus"
"UV30","-0.164072","30.020253","Rousettus"
"UV31","-0.164072","30.020253","Rousettus"
"UV32","-0.164072","30.020253","Rousettus"
"UV33","-0.164072","30.020253","Rousettus"
"UV34","-0.164072","30.020253","Rousettus"
"UV35","-0.164072","30.020253","Rousettus"
"UV36","-0.164072","30.020253","Rousettus"
"UV37","-0.164072","30.020253","Rousettus"
"UV38","-0.164072","30.020253","Rousettus"
"UV39","-0.164072","30.020253","Rousettus"
"UV4","-0.164072","30.020253","Rousettus"
"UV40","-0.164072","30.020253","Rousettus"
"UV41","-0.164072","30.020253","Rousettus"
"UV42","-0.164072","30.020253","Rousettus"
"UV43","-0.164072","30.020253","Rousettus"
"UV44","-0.164072","30.020253","Rousettus"
"UV5","-0.164072","30.020253","Rousettus"
"UV6","-0.164072","30.020253","Rousettus"
"UV7","-0.164072","30.020253","Rousettus"
"UV8","-0.164072","30.020253","Rousettus"
"UV9","-0.164072","30.020253","Rousettus"
